fecha;concepto;importe;categoria
2026-08-01;Nómina refugio;1.200,00;ingresos
2026-08-03;Mercadona;-54,30;comida
2026-08-07;Gasolina;-45,00;transporte
2026-08-15;Cine con Nasser;-9,50;ocio
2026-08-28;Alquiler habitación;-300,00;casa
2026-09-01;Nómina refugio;1.200,00;ingresos
2026-09-02;Mercadona;-61,45;comida
2026-09-04;Venta Vinted chaqueta;35,00;ingresos
2026-09-05;Gasolina;-50,00;transporte
2026-09-06;"Bar ""El Tranco""; cañas";-12,80;ocio
2026-09-08;Farmacia;-8,95;salud
2026-09-09;Lidl;-23,10;comida
2026-09-12;Zapatillas;-59,99;ropa
2026-09-13;Abono transporte;-20,00;transporte
2026-09-15;Fruteria Paqui;-11,25;comida
2026-09-18;Cena cumpleaños;-27,00;ocio
2026-09-20;Venta Vinted sudadera;22,50;ingresos
2026-09-21;Mercadona;-48,70;comida
2026-09-23;Luz;-38,62;casa
2026-09-25;Gasolina;-42,00;transporte
2026-09-27;Spotify;-10,99;ocio
2026-09-28;Alquiler habitación;-300,00;casa
2026-09-30;Panadería;-3,40;comida
2026-10-01;Nómina refugio;1.200,00;ingresos
2026-10-02;Mercadona;-57,15;comida
2026-10-03;Dentista;-60,00;salud
2026-10-05;Gasolina;-48,50;transporte
2026-10-06;Regalo;-25,00;otros
2026-10-08;Camiseta;-14,99;ropa
2026-10-09;Café;-1,80;comida
